Basket_ID,Email_ID
532,nicole66@example.org
227,davidamanda@example.net
825,amberweaver@example.com
529,mendozachristine@example.net
64,levytonya@example.org
746,brewermelissa@example.com
212,brenttorres@example.net
174,vgraham@example.com
180,mariabailey@example.org
365,zimmermanadam@example.org
722,renee18@example.net
993,cheryl81@example.org
604,jamesholmes@example.org
689,jeremy39@example.com
462,susanhoward@example.org
65,brockjessica@example.net
540,christophernelson@example.com
52,maria85@example.net
133,james24@example.com
224,gholmes@example.com
440,rossmichael@example.net
711,whudson@example.net
977,sanderson@example.com
823,yrichards@example.org
474,jenniferbrown@example.org
347,obowman@example.org
807,kingrichard@example.net
161,zdaniels@example.net
854,gerickson@example.org
258,kevinfletcher@example.com
844,jevans@example.org
340,michael73@example.org
397,bmcguire@example.net
422,uwilson@example.com
97,ryanmoore@example.com
717,yrobinson@example.org
90,bill12@example.com
8,daniel75@example.com
808,kimberly11@example.net
72,marilyn27@example.net
41,kevinkirby@example.org
432,bwood@example.com
163,cynthiagiles@example.net
134,dawn02@example.net
426,vpeterson@example.org
283,daniel13@example.net
696,wedwards@example.net
477,ujohnson@example.org
23,linda41@example.org
170,leahboyd@example.org
