Card_ID,Verif_code,Card_name,Is_default,Payment_ID,Email_ID
2221991536210189,142,Mr. Robert Davila,0,785ebebf-f7fe-44af-b981-d0dfa05c41a2,nicole66@example.org
2261038998941298,363,Kevin Medina,0,6c539eea-d0c4-46f8-8dff-65c9d206b1cc,davidamanda@example.net
2516048696482571,789,Tammy Hall,1,38fdcedb-84ae-47fa-b57f-19728fdab279,amberweaver@example.com
2288486624354494,780,Maria Peters,0,26ab5a51-9b18-4a3e-9a3e-1801621e3561,mendozachristine@example.net
2674780598760856,965,Anthony Bruce,1,5e566c40-5ca6-46bb-9628-098f3de094fb,levytonya@example.org
2463123760241949,369,Kimberly Miller,1,3082c210-84c5-4b19-951f-83a0936abe62,brewermelissa@example.com
2285724343515125,785,Andrew Sweeney,0,94ac282f-93e4-4657-929e-f56953641429,brenttorres@example.net
2542550661184890,105,Katherine Lewis,1,24aa3b28-dadd-4af4-92df-01608282b5e2,vgraham@example.com
2714288866445780,308,Wendy Brown,0,15c29503-4034-493a-be21-a7ae79c3d85c,mariabailey@example.org
5327406745186373,374,Miranda Drake,1,514eeb30-49eb-499f-a7f7-957dfa766e2d,zimmermanadam@example.org
2275762471559921,487,Jessica Kidd,1,f9a25731-5f52-4dee-b129-6fea4b92a816,renee18@example.net
2269531945852180,788,Ryan Wallace,0,97dd554b-694d-4b41-9c79-282166577268,cheryl81@example.org
2270707498595114,558,Scott Lopez,0,e9b8de5c-f6f2-4e8a-a756-f4141490fa99,jamesholmes@example.org
2225584553911668,212,Michelle Wilson,0,5916ddd0-dcb9-4e22-8a9d-6a59cdf131d6,jeremy39@example.com
2253569091296602,914,Michelle May,0,5a9bc026-bdd7-4ea1-9e3f-98fb967f1d40,susanhoward@example.org
2720642697416075,927,Rachel Nelson,0,6442bc22-f8c0-45a9-b444-f1239a351997,brockjessica@example.net
5313780366771424,997,Sean Oconnell,1,1ef59327-ca73-484d-b5f4-cac8df9f316f,christophernelson@example.com
5157253171174944,547,Shirley Smith,1,e992b809-05e8-4890-99b4-b581d6ab0256,maria85@example.net
5108690107782540,406,Christopher Davis,1,81e73433-d31c-4ec4-85f9-0cdf97ca88b1,james24@example.com
2720133306491659,604,Destiny Baldwin,1,e1fca4ad-1f7c-4472-ad4c-9bb89bac59f8,gholmes@example.com
5424682333253161,191,Michelle Martinez,0,a548a428-14dc-414b-a564-bd4590fabd80,rossmichael@example.net
2720492776255170,933,Heidi Hubbard,0,4b697c96-7524-43e9-ab9e-64d8fdd53c02,whudson@example.net
5326504375063077,226,Jessica Turner,1,5e8ecb7e-878d-45c1-bc7c-df904c3e52d3,sanderson@example.com
5420320048644085,801,Dustin Boyer,0,f2fd30be-12e4-46c8-b3b3-ee81eccd3927,yrichards@example.org
5430044533770613,872,Jesse Moore,1,86c4bbf6-bb4a-46e5-bb81-266b8b5f6747,jenniferbrown@example.org
2294635622819096,117,Michelle Wilson,1,db968e3e-ed6f-4be8-b408-9dbe2abc1221,obowman@example.org
5179274799261958,664,George Ramsey,0,2aed0d28-4e64-433c-b3ed-180f1fe78286,kingrichard@example.net
2243701025712353,696,Kevin Torres,1,e7524fd7-de40-45fc-91b0-95b0bd08cdd0,zdaniels@example.net
2229634088875460,725,Elizabeth Cook,1,e16077b0-f123-410e-a321-35da028df742,gerickson@example.org
5275212899504441,603,Tammy Tucker,0,98f8b6c7-02e1-442f-b0eb-a87eb61eb65e,kevinfletcher@example.com
5458161888968233,611,Mrs. Rebecca Richardson,0,9020b347-e5c4-4d87-a9d8-e5b7acdf465d,jevans@example.org
5242437410717319,115,Olivia Russell,0,7d37c536-273a-4eef-9789-408a6ad9e07c,michael73@example.org
2237026973516657,156,Daniel West,0,5a705455-b39e-41ee-b824-9256e966ac07,bmcguire@example.net
5325808975343735,592,Devin Wu,0,ba9efaf2-5f3c-4504-83d6-8265509c484d,uwilson@example.com
2639627472209100,125,Brandy Rodriguez,1,650fa74c-8b67-4b6a-8250-e898ea293b29,ryanmoore@example.com
2277146047178382,851,Jocelyn Rogers,0,3d09fb17-baca-4ff1-b78c-fb881dbb392e,yrobinson@example.org
2292109891214597,792,Bruce Livingston,1,03ac4111-a69b-4b5c-9b90-43ce74cc1d6c,bill12@example.com
5113534912593093,543,Jennifer Adams,1,4c63bce7-5fed-42b5-91d1-cb1f814b2c1c,daniel75@example.com
5207774103562898,958,James Andrade,0,eab0b5ef-b483-495b-88fa-d42a04049f34,kimberly11@example.net
2255092513715313,663,Ryan Leonard,0,a17933e3-2096-4789-9f9d-5114559c8528,marilyn27@example.net
5249772692787587,863,Michael Salas,1,ee5524b4-9537-4f90-ab75-833176af3ca2,kevinkirby@example.org
2274919069182828,401,Patrick Weaver,1,a1ad9c1d-99b4-4cbe-b8d8-df9ae92d3252,bwood@example.com
2263230842726003,357,Chad Holt,1,1259aaf0-d464-4a48-bb85-8917b6505d3c,cynthiagiles@example.net
2257322790478493,618,Gary Cunningham,1,830301f2-db3c-496f-bfa7-9db997d38773,dawn02@example.net
5405139617266354,664,Patrick Scott,0,e0fabc27-5da7-4c14-97b0-70b814a57dc5,vpeterson@example.org
2275081256051370,186,James Lucero,1,4cac5c0f-8c1a-47fd-9566-50b86c94cf3a,daniel13@example.net
2720431250117795,640,Larry Kelly,1,c9ba6624-f8e6-486d-ae43-d3815a29d4da,wedwards@example.net
2689936985628113,932,Ronald Cowan,0,5c22e1b5-807a-4530-a6ec-a0c64828d49b,ujohnson@example.org
5196760610833792,886,Roberto Hunter,0,662f0300-6eea-4af2-a75e-75fcaf5b1c82,linda41@example.org
5513934227746855,295,Julie Hayes,1,883ed999-a38a-4c8b-95cc-0d9acfc423fa,leahboyd@example.org
