Email_ID,Name,Birth_date,Phone_no,Password,Building_name,Street,City,Country,Postcode
nicole66@example.org,Lisa Palmer,1966-11-14,925.556.8649,_fJCLNYn2+,6791,Phillip Dale,Port Heather,Guadeloupe,76934
davidamanda@example.net,Travis Gonzales,1996-03-01,8473016703,^+T1!WkcR^,38719,Cassandra Gardens,Williamsmouth,Myanmar,86595
amberweaver@example.com,Dean Rodriguez,1991-04-15,981-356-8165x9978,@03VzVUg_0,75754,Bryan Haven,North Rebecca,Yemen,05801
mendozachristine@example.net,Ashley Wilson,1973-06-07,(256)981-9390x4757,%C59BK7bQU,393,Bailey Dale,Michaelville,British Virgin Islands,56602
levytonya@example.org,Carla Fry,1999-07-24,001-488-657-5061x241,BeZqgl&p%9,2684,Shepard Pines,East Leah,Swaziland,87508
brewermelissa@example.com,Angela Anderson,2001-08-27,(996)778-9967x7329,6M6JBjbUA%,74548,Anthony Village,South Mackenzie,Niger,81987
brenttorres@example.net,Victor May,1970-09-28,(231)909-1399x0220,fs0UmpE@o#,75566,Hardy Divide,Lucasshire,Romania,08386
vgraham@example.com,Steven Martinez,1956-08-13,967-496-4849x082,@$X&5seCy2,595,Laura Burg,Lopezhaven,New Zealand,62344
mariabailey@example.org,Eric Kelly,1983-03-12,001-486-231-9389,iM3jGEul@+,172,Kevin Roads,North Kristinmouth,Macao,03513
zimmermanadam@example.org,Tracey Hopkins,1969-08-28,001-715-953-1974,_!9DZBg*6p,6451,Patricia Square,Ryanport,Mongolia,09988
renee18@example.net,Miranda Williams,1977-10-24,+1-502-662-5595x86904,(0K*QVumz$,1504,Mariah Square,South Bryanland,Greece,18914
cheryl81@example.org,Brandon Lindsey,2004-12-03,+1-437-526-8068,4eEzlaTN(O,0005,Dunn Rest,North Kelli,Moldova,49468
jamesholmes@example.org,Joel Hunter,1962-06-30,991-516-9712,6qsLhQl9*D,756,Anita Islands,Lake Lesliestad,Russian Federation,96244
jeremy39@example.com,Chris Murray,1997-11-10,(474)686-7632,0^3oV_%^@d,0284,Shannon Estate,Williamsborough,New Zealand,85685
susanhoward@example.org,Stephanie Baker,1950-10-15,202-872-7035,83@%ITyn!O,2260,Carolyn Locks,East Rodney,Norway,27020
brockjessica@example.net,Kyle Griffith MD,1944-10-09,927.948.0025x1592,d%2Wbbkl^3,4740,Jackson Junctions,Lake Dustin,Bangladesh,07941
christophernelson@example.com,Janice Garcia,1972-07-22,001-707-268-8768x2356,3FyQ9JrK%4,4907,Spencer Village,South Ericberg,Jamaica,91717
maria85@example.net,Andre Harrington,1966-05-31,983-974-3682x392,oNV7x7gM!8,0260,Williams Knolls,Crossberg,Uzbekistan,78425
james24@example.com,Mitchell Hines,1970-08-03,+1-708-217-5844x1839,@7#2Eio2%k,27572,Moody Loaf,North Lucas,Bouvet Island (Bouvetoya),33420
gholmes@example.com,Gabriel Mcdonald,1997-06-14,5304952130,PB!i0yEua1,79122,Brian Trace,Jaimemouth,Lebanon,64623
rossmichael@example.net,Danielle Stephens,1986-03-05,+1-504-817-5177x14124,+S#1ATOwv8,9149,Lawrence Trail,Kevinfurt,Iran,31285
whudson@example.net,Amber Mason,1999-01-06,(571)249-0716,+E0BZs3R%*,718,Theresa Valley,Cruzmouth,Mayotte,68154
sanderson@example.com,Jason Ewing,1961-03-22,(852)360-0712x43348,Zu0$ShF5*H,7059,Rodgers Forest,North Amandastad,Yemen,64053
yrichards@example.org,Joseph Mccormick,1987-11-05,001-632-762-0377x5627,*5*vgRDxwr,741,Melissa Dam,Michaelfort,Uganda,90428
jenniferbrown@example.org,Kerry Warren,1988-12-22,001-719-987-3069,_bTBj0Rxgl,570,Perez Mountain,Port Lindsay,Kazakhstan,18458
obowman@example.org,Teresa Oconnor,1961-02-05,302-202-2211,I1thQUjn(Z,4590,Sarah Orchard,Lake Colleentown,Paraguay,08557
kingrichard@example.net,Cynthia Coleman,2005-10-11,985.538.9069x52756,2sPh!OOA^6,3563,Angela Springs,Davidville,Saint Pierre and Miquelon,75277
zdaniels@example.net,Kayla King,2001-07-12,001-657-799-8649x53197,3cNBgTJe(8,26558,Robinson Plaza,West Taylor,Sudan,46482
gerickson@example.org,Jerry Campbell,1985-10-26,001-887-292-2769,l3t9M#yK&&,44159,Jonathan Key,Lunastad,Uruguay,16169
kevinfletcher@example.com,Patricia Kim,1965-09-26,4296837540,eaJ_5VjUJu,3403,Mario Village,South Jeffrey,Egypt,61869
jevans@example.org,Emily Moore,1950-11-07,453.554.1402x87610,1n&rA(JC%P,294,Anthony Mount,Claystad,Antigua and Barbuda,40165
michael73@example.org,Daniel Castro,1970-09-30,+1-720-377-5012x81625,0N9tHAuxf^,8551,Christopher Cove,North Lauramouth,Equatorial Guinea,19274
bmcguire@example.net,Tyler Taylor,1995-12-06,(645)963-8678x307,_923Q1JtB5,47146,Ian Stream,North Elizabeth,Monaco,90683
uwilson@example.com,Jesse Blake,1964-12-06,+1-298-212-7103,t#44MX#!xq,938,Johnson Cape,Brandonshire,Mexico,64539
ryanmoore@example.com,Renee Lin,2006-09-01,547-237-8074x05219,1XTx8vKA%1,27926,Laura Canyon,West Nicholeton,Latvia,25287
yrobinson@example.org,Karen Peterson,1976-06-25,(536)651-1222x247,ys7XGfbt#0,7605,Mark Brooks,New Aliciatown,Namibia,32648
bill12@example.com,Jamie Rubio,2003-04-20,(501)513-9504x636,Bc1HvoX85^,4528,Cox Bypass,Langshire,Uganda,43587
daniel75@example.com,Lance Rios,1959-01-12,555-939-0392x03072,6NZTFgkx%4,01598,Riley Isle,North Tylerton,Iran,34975
kimberly11@example.net,Matthew Allison,1994-12-03,(364)432-4447x868,nw99FyMo4(,7883,Rachel Pine,Port Karen,Madagascar,92828
marilyn27@example.net,Kayla Evans,2004-10-01,(922)357-0308x600,*N5QWsTDtb,6862,Valencia Rue,West Brittany,Angola,07487
kevinkirby@example.org,Elizabeth Patel,1989-11-02,523-999-1834,%3XrBGbio1,82638,Brenda Square,North Matthewtown,Mauritius,53794
bwood@example.com,Gary Delacruz,1971-07-29,001-706-337-9101x55528,!85)lHhk!e,44346,Lucas Locks,Latoyafort,United States Virgin Islands,56463
cynthiagiles@example.net,Kim Espinoza,1995-04-19,001-515-994-1637x734,!E07BE4yeU,19230,Dean Corner,Lake Sarahchester,Latvia,08538
dawn02@example.net,Jason Miller,1990-11-18,+1-394-241-9142x22894,+fIHzW_oo1,1461,White Green,Josephtown,Switzerland,77429
vpeterson@example.org,Mark Norris,1977-10-09,001-695-628-5644,d8+X^sRE_6,1162,Carpenter Vista,New Dana,Ireland,24528
daniel13@example.net,John Sanchez,1963-08-18,422.379.1525x9723,#&M2GOuPMn,63810,Norris Villages,West Shirleyfort,Singapore,84875
wedwards@example.net,Michael Mitchell,2006-06-16,001-875-309-0538,!8Vyz%firn,03126,Baldwin Lock,Port Dylanshire,Liechtenstein,09592
ujohnson@example.org,Michelle Taylor MD,1962-10-31,244.728.8934x575,$!)ys9BpM5,75387,Jessica Mall,Tamarastad,Finland,84117
linda41@example.org,Robert Bishop,2001-08-22,(821)597-6669x368,%8WOp&(m+w,1201,Clark Groves,Danashire,Greenland,38594
leahboyd@example.org,Bruce Friedman,1999-07-09,(366)817-3030x35295,&cM20LsQ)^,395,Thomas Causeway,Juanberg,Dominican Republic,73150
