Order_date,Deduct_promote,Order_ID,Email_ID,Payment_ID
2024-01-13,7.56,199,nicole66@example.org,785ebebf-f7fe-44af-b981-d0dfa05c41a2
2024-01-15,9.4,364,davidamanda@example.net,6c539eea-d0c4-46f8-8dff-65c9d206b1cc
2024-08-27,16.95,862,amberweaver@example.com,38fdcedb-84ae-47fa-b57f-19728fdab279
2024-04-20,11.13,786,mendozachristine@example.net,26ab5a51-9b18-4a3e-9a3e-1801621e3561
2024-06-29,16.78,22,levytonya@example.org,5e566c40-5ca6-46bb-9628-098f3de094fb
2024-06-16,9.25,431,brewermelissa@example.com,3082c210-84c5-4b19-951f-83a0936abe62
2024-01-17,8.29,485,brenttorres@example.net,94ac282f-93e4-4657-929e-f56953641429
2024-05-20,19.74,313,vgraham@example.com,24aa3b28-dadd-4af4-92df-01608282b5e2
2024-05-20,15.89,867,mariabailey@example.org,15c29503-4034-493a-be21-a7ae79c3d85c
2024-01-21,18.48,970,zimmermanadam@example.org,514eeb30-49eb-499f-a7f7-957dfa766e2d
2024-08-14,8.5,444,renee18@example.net,f9a25731-5f52-4dee-b129-6fea4b92a816
2024-07-20,13.36,324,cheryl81@example.org,97dd554b-694d-4b41-9c79-282166577268
2024-04-07,18.55,675,jamesholmes@example.org,e9b8de5c-f6f2-4e8a-a756-f4141490fa99
2024-09-07,18.57,262,jeremy39@example.com,5916ddd0-dcb9-4e22-8a9d-6a59cdf131d6
2024-10-25,14.67,329,susanhoward@example.org,5a9bc026-bdd7-4ea1-9e3f-98fb967f1d40
2024-10-26,12.9,667,brockjessica@example.net,6442bc22-f8c0-45a9-b444-f1239a351997
2024-01-25,7.47,129,christophernelson@example.com,1ef59327-ca73-484d-b5f4-cac8df9f316f
2024-07-27,9.34,730,maria85@example.net,e992b809-05e8-4890-99b4-b581d6ab0256
2024-10-30,7.14,599,james24@example.com,81e73433-d31c-4ec4-85f9-0cdf97ca88b1
2024-09-18,15.22,111,gholmes@example.com,e1fca4ad-1f7c-4472-ad4c-9bb89bac59f8
2024-02-11,8.38,506,rossmichael@example.net,a548a428-14dc-414b-a564-bd4590fabd80
2024-04-17,6.14,508,whudson@example.net,4b697c96-7524-43e9-ab9e-64d8fdd53c02
2024-06-11,12.04,779,sanderson@example.com,5e8ecb7e-878d-45c1-bc7c-df904c3e52d3
2024-01-22,13.87,953,yrichards@example.org,f2fd30be-12e4-46c8-b3b3-ee81eccd3927
2024-09-14,14.24,648,jenniferbrown@example.org,86c4bbf6-bb4a-46e5-bb81-266b8b5f6747
2024-02-28,16.31,937,obowman@example.org,db968e3e-ed6f-4be8-b408-9dbe2abc1221
2024-05-30,16.02,601,kingrichard@example.net,2aed0d28-4e64-433c-b3ed-180f1fe78286
2024-05-03,11.12,917,zdaniels@example.net,e7524fd7-de40-45fc-91b0-95b0bd08cdd0
2024-01-12,17.56,102,gerickson@example.org,e16077b0-f123-410e-a321-35da028df742
2024-10-11,9.27,152,kevinfletcher@example.com,98f8b6c7-02e1-442f-b0eb-a87eb61eb65e
2024-09-03,17.78,959,jevans@example.org,9020b347-e5c4-4d87-a9d8-e5b7acdf465d
2024-01-27,19.88,828,michael73@example.org,7d37c536-273a-4eef-9789-408a6ad9e07c
2024-07-05,14.88,305,bmcguire@example.net,5a705455-b39e-41ee-b824-9256e966ac07
2024-06-05,15.99,70,uwilson@example.com,ba9efaf2-5f3c-4504-83d6-8265509c484d
2024-01-20,18.53,963,ryanmoore@example.com,650fa74c-8b67-4b6a-8250-e898ea293b29
2024-11-03,12.61,761,yrobinson@example.org,3d09fb17-baca-4ff1-b78c-fb881dbb392e
2024-07-12,19.09,35,bill12@example.com,03ac4111-a69b-4b5c-9b90-43ce74cc1d6c
2024-02-22,10.38,230,daniel75@example.com,4c63bce7-5fed-42b5-91d1-cb1f814b2c1c
2024-06-28,10.21,453,kimberly11@example.net,eab0b5ef-b483-495b-88fa-d42a04049f34
2024-09-14,7.23,414,marilyn27@example.net,a17933e3-2096-4789-9f9d-5114559c8528
2024-07-24,5.88,389,kevinkirby@example.org,ee5524b4-9537-4f90-ab75-833176af3ca2
2024-03-19,10.94,973,bwood@example.com,a1ad9c1d-99b4-4cbe-b8d8-df9ae92d3252
2024-02-19,9.68,689,cynthiagiles@example.net,1259aaf0-d464-4a48-bb85-8917b6505d3c
2024-07-24,7.81,819,dawn02@example.net,830301f2-db3c-496f-bfa7-9db997d38773
2024-05-05,5.81,311,vpeterson@example.org,e0fabc27-5da7-4c14-97b0-70b814a57dc5
2024-09-06,7.4,651,daniel13@example.net,4cac5c0f-8c1a-47fd-9566-50b86c94cf3a
2024-02-29,15.48,303,wedwards@example.net,c9ba6624-f8e6-486d-ae43-d3815a29d4da
2024-04-25,19.42,749,ujohnson@example.org,5c22e1b5-807a-4530-a6ec-a0c64828d49b
2024-07-17,7.1,840,linda41@example.org,662f0300-6eea-4af2-a75e-75fcaf5b1c82
2024-08-11,11.01,738,leahboyd@example.org,883ed999-a38a-4c8b-95cc-0d9acfc423fa
