Payment_ID,Expiry_date,Email_ID,Order_ID
785ebebf-f7fe-44af-b981-d0dfa05c41a2,2024-12-09,nicole66@example.org,199
6c539eea-d0c4-46f8-8dff-65c9d206b1cc,2024-11-16,davidamanda@example.net,364
38fdcedb-84ae-47fa-b57f-19728fdab279,2024-11-17,amberweaver@example.com,862
26ab5a51-9b18-4a3e-9a3e-1801621e3561,2024-11-24,mendozachristine@example.net,786
5e566c40-5ca6-46bb-9628-098f3de094fb,2024-11-30,levytonya@example.org,22
3082c210-84c5-4b19-951f-83a0936abe62,2024-12-06,brewermelissa@example.com,431
94ac282f-93e4-4657-929e-f56953641429,2024-11-16,brenttorres@example.net,485
24aa3b28-dadd-4af4-92df-01608282b5e2,2024-11-27,vgraham@example.com,313
15c29503-4034-493a-be21-a7ae79c3d85c,2024-12-02,mariabailey@example.org,867
514eeb30-49eb-499f-a7f7-957dfa766e2d,2024-11-16,zimmermanadam@example.org,970
f9a25731-5f52-4dee-b129-6fea4b92a816,2024-11-22,renee18@example.net,444
97dd554b-694d-4b41-9c79-282166577268,2024-11-29,cheryl81@example.org,324
e9b8de5c-f6f2-4e8a-a756-f4141490fa99,2024-11-22,jamesholmes@example.org,675
5916ddd0-dcb9-4e22-8a9d-6a59cdf131d6,2024-12-01,jeremy39@example.com,262
5a9bc026-bdd7-4ea1-9e3f-98fb967f1d40,2024-11-20,susanhoward@example.org,329
6442bc22-f8c0-45a9-b444-f1239a351997,2024-11-25,brockjessica@example.net,667
1ef59327-ca73-484d-b5f4-cac8df9f316f,2024-12-03,christophernelson@example.com,129
e992b809-05e8-4890-99b4-b581d6ab0256,2024-11-16,maria85@example.net,730
81e73433-d31c-4ec4-85f9-0cdf97ca88b1,2024-12-02,james24@example.com,599
e1fca4ad-1f7c-4472-ad4c-9bb89bac59f8,2024-12-09,gholmes@example.com,111
a548a428-14dc-414b-a564-bd4590fabd80,2024-12-06,rossmichael@example.net,506
4b697c96-7524-43e9-ab9e-64d8fdd53c02,2024-12-07,whudson@example.net,508
5e8ecb7e-878d-45c1-bc7c-df904c3e52d3,2024-12-06,sanderson@example.com,779
f2fd30be-12e4-46c8-b3b3-ee81eccd3927,2024-11-14,yrichards@example.org,953
86c4bbf6-bb4a-46e5-bb81-266b8b5f6747,2024-11-25,jenniferbrown@example.org,648
db968e3e-ed6f-4be8-b408-9dbe2abc1221,2024-12-01,obowman@example.org,937
2aed0d28-4e64-433c-b3ed-180f1fe78286,2024-11-27,kingrichard@example.net,601
e7524fd7-de40-45fc-91b0-95b0bd08cdd0,2024-11-25,zdaniels@example.net,917
e16077b0-f123-410e-a321-35da028df742,2024-11-14,gerickson@example.org,102
98f8b6c7-02e1-442f-b0eb-a87eb61eb65e,2024-11-29,kevinfletcher@example.com,152
9020b347-e5c4-4d87-a9d8-e5b7acdf465d,2024-12-06,jevans@example.org,959
7d37c536-273a-4eef-9789-408a6ad9e07c,2024-12-02,michael73@example.org,828
5a705455-b39e-41ee-b824-9256e966ac07,2024-11-20,bmcguire@example.net,305
ba9efaf2-5f3c-4504-83d6-8265509c484d,2024-11-16,uwilson@example.com,70
650fa74c-8b67-4b6a-8250-e898ea293b29,2024-11-13,ryanmoore@example.com,963
3d09fb17-baca-4ff1-b78c-fb881dbb392e,2024-11-22,yrobinson@example.org,761
03ac4111-a69b-4b5c-9b90-43ce74cc1d6c,2024-11-23,bill12@example.com,35
4c63bce7-5fed-42b5-91d1-cb1f814b2c1c,2024-11-14,daniel75@example.com,230
eab0b5ef-b483-495b-88fa-d42a04049f34,2024-11-27,kimberly11@example.net,453
a17933e3-2096-4789-9f9d-5114559c8528,2024-11-20,marilyn27@example.net,414
ee5524b4-9537-4f90-ab75-833176af3ca2,2024-11-21,kevinkirby@example.org,389
a1ad9c1d-99b4-4cbe-b8d8-df9ae92d3252,2024-11-23,bwood@example.com,973
1259aaf0-d464-4a48-bb85-8917b6505d3c,2024-11-26,cynthiagiles@example.net,689
830301f2-db3c-496f-bfa7-9db997d38773,2024-12-02,dawn02@example.net,819
e0fabc27-5da7-4c14-97b0-70b814a57dc5,2024-11-30,vpeterson@example.org,311
4cac5c0f-8c1a-47fd-9566-50b86c94cf3a,2024-11-14,daniel13@example.net,651
c9ba6624-f8e6-486d-ae43-d3815a29d4da,2024-11-19,wedwards@example.net,303
5c22e1b5-807a-4530-a6ec-a0c64828d49b,2024-11-26,ujohnson@example.org,749
662f0300-6eea-4af2-a75e-75fcaf5b1c82,2024-11-14,linda41@example.org,840
883ed999-a38a-4c8b-95cc-0d9acfc423fa,2024-12-10,leahboyd@example.org,738
